counterparty,symbol,hour,num_trades
Caesar,CROISSANTS,0,88
Caesar,CROISSANTS,1,80
Caesar,CROISSANTS,2,77
Caesar,CROISSANTS,3,77
Caesar,CROISSANTS,4,78
Caesar,CROISSANTS,5,85
Caesar,CROISSANTS,6,85
Caesar,CROISSANTS,7,84
Caesar,CROISSANTS,8,82
Caesar,CROISSANTS,9,69
Caesar,CROISSANTS,10,68
Caesar,CROISSANTS,11,80
Caesar,CROISSANTS,12,83
Caesar,CROISSANTS,13,74
Caesar,CROISSANTS,14,65
Caesar,CROISSANTS,15,66
Caesar,CROISSANTS,16,84
Caesar,CROISSANTS,17,72
Caesar,CROISSANTS,18,75
Caesar,CROISSANTS,19,75
Caesar,CROISSANTS,20,79
Caesar,CROISSANTS,21,69
Caesar,CROISSANTS,22,76
Caesar,CROISSANTS,23,74
Caesar,DJEMBES,0,60
Caesar,DJEMBES,1,61
Caesar,DJEMBES,2,75
Caesar,DJEMBES,3,83
Caesar,DJEMBES,4,74
Caesar,DJEMBES,5,71
Caesar,DJEMBES,6,75
Caesar,DJEMBES,7,69
Caesar,DJEMBES,8,71
Caesar,DJEMBES,9,74
Caesar,DJEMBES,10,79
Caesar,DJEMBES,11,61
Caesar,DJEMBES,12,78
Caesar,DJEMBES,13,66
Caesar,DJEMBES,14,72
Caesar,DJEMBES,15,53
Caesar,DJEMBES,16,69
Caesar,DJEMBES,17,70
Caesar,DJEMBES,18,76
Caesar,DJEMBES,19,73
Caesar,DJEMBES,20,73
Caesar,DJEMBES,21,66
Caesar,DJEMBES,22,67
Caesar,DJEMBES,23,77
Caesar,JAMS,0,110
Caesar,JAMS,1,89
Caesar,JAMS,2,99
Caesar,JAMS,3,103
Caesar,JAMS,4,110
Caesar,JAMS,5,93
Caesar,JAMS,6,96
Caesar,JAMS,7,84
Caesar,JAMS,8,113
Caesar,JAMS,9,123
Caesar,JAMS,10,95
Caesar,JAMS,11,84
Caesar,JAMS,12,93
Caesar,JAMS,13,91
Caesar,JAMS,14,92
Caesar,JAMS,15,82
Caesar,JAMS,16,104
Caesar,JAMS,17,81
Caesar,JAMS,18,94
Caesar,JAMS,19,96
Caesar,JAMS,20,89
Caesar,JAMS,21,93
Caesar,JAMS,22,78
Caesar,JAMS,23,79
Caesar,KELP,0,19
Caesar,KELP,1,23
Caesar,KELP,2,15
Caesar,KELP,3,21
Caesar,KELP,4,22
Caesar,KELP,5,28
Caesar,KELP,6,14
Caesar,KELP,7,15
Caesar,KELP,8,9
Caesar,KELP,9,13
Caesar,KELP,10,11
Caesar,KELP,11,19
Caesar,KELP,12,19
Caesar,KELP,13,14
Caesar,KELP,14,12
Caesar,KELP,15,17
Caesar,KELP,16,19
Caesar,KELP,17,15
Caesar,KELP,18,21
Caesar,KELP,19,15
Caesar,KELP,20,18
Caesar,KELP,21,14
Caesar,KELP,22,10
Caesar,KELP,23,14
Caesar,MAGNIFICENT_MACARONS,0,16
Caesar,MAGNIFICENT_MACARONS,1,15
Caesar,MAGNIFICENT_MACARONS,2,17
Caesar,MAGNIFICENT_MACARONS,3,17
Caesar,MAGNIFICENT_MACARONS,4,9
Caesar,MAGNIFICENT_MACARONS,5,24
Caesar,MAGNIFICENT_MACARONS,6,13
Caesar,MAGNIFICENT_MACARONS,7,11
Caesar,MAGNIFICENT_MACARONS,8,19
Caesar,MAGNIFICENT_MACARONS,9,18
Caesar,MAGNIFICENT_MACARONS,10,15
Caesar,MAGNIFICENT_MACARONS,11,21
Caesar,MAGNIFICENT_MACARONS,12,14
Caesar,MAGNIFICENT_MACARONS,13,20
Caesar,MAGNIFICENT_MACARONS,14,15
Caesar,MAGNIFICENT_MACARONS,15,14
Caesar,MAGNIFICENT_MACARONS,16,19
Caesar,MAGNIFICENT_MACARONS,17,19
Caesar,MAGNIFICENT_MACARONS,18,11
Caesar,MAGNIFICENT_MACARONS,19,18
Caesar,MAGNIFICENT_MACARONS,20,18
Caesar,MAGNIFICENT_MACARONS,21,19
Caesar,MAGNIFICENT_MACARONS,22,11
Caesar,MAGNIFICENT_MACARONS,23,14
Caesar,PICNIC_BASKET1,0,31
Caesar,PICNIC_BASKET1,1,26
Caesar,PICNIC_BASKET1,2,16
Caesar,PICNIC_BASKET1,3,21
Caesar,PICNIC_BASKET1,4,14
Caesar,PICNIC_BASKET1,5,16
Caesar,PICNIC_BASKET1,6,28
Caesar,PICNIC_BASKET1,7,18
Caesar,PICNIC_BASKET1,8,26
Caesar,PICNIC_BASKET1,9,27
Caesar,PICNIC_BASKET1,10,25
Caesar,PICNIC_BASKET1,11,29
Caesar,PICNIC_BASKET1,12,13
Caesar,PICNIC_BASKET1,13,26
Caesar,PICNIC_BASKET1,14,19
Caesar,PICNIC_BASKET1,15,28
Caesar,PICNIC_BASKET1,16,34
Caesar,PICNIC_BASKET1,17,19
Caesar,PICNIC_BASKET1,18,21
Caesar,PICNIC_BASKET1,19,18
Caesar,PICNIC_BASKET1,20,24
Caesar,PICNIC_BASKET1,21,20
Caesar,PICNIC_BASKET1,22,13
Caesar,PICNIC_BASKET1,23,17
Caesar,PICNIC_BASKET2,0,13
Caesar,PICNIC_BASKET2,1,13
Caesar,PICNIC_BASKET2,2,8
Caesar,PICNIC_BASKET2,3,13
Caesar,PICNIC_BASKET2,4,7
Caesar,PICNIC_BASKET2,5,8
Caesar,PICNIC_BASKET2,6,19
Caesar,PICNIC_BASKET2,7,9
Caesar,PICNIC_BASKET2,8,16
Caesar,PICNIC_BASKET2,9,12
Caesar,PICNIC_BASKET2,10,8
Caesar,PICNIC_BASKET2,11,18
Caesar,PICNIC_BASKET2,12,9
Caesar,PICNIC_BASKET2,13,15
Caesar,PICNIC_BASKET2,14,11
Caesar,PICNIC_BASKET2,15,15
Caesar,PICNIC_BASKET2,16,19
Caesar,PICNIC_BASKET2,17,13
Caesar,PICNIC_BASKET2,18,14
Caesar,PICNIC_BASKET2,19,11
Caesar,PICNIC_BASKET2,20,10
Caesar,PICNIC_BASKET2,21,12
Caesar,PICNIC_BASKET2,22,8
Caesar,PICNIC_BASKET2,23,9
Caesar,RAINFOREST_RESIN,0,9
Caesar,RAINFOREST_RESIN,1,12
Caesar,RAINFOREST_RESIN,2,13
Caesar,RAINFOREST_RESIN,3,12
Caesar,RAINFOREST_RESIN,4,8
Caesar,RAINFOREST_RESIN,5,6
Caesar,RAINFOREST_RESIN,6,10
Caesar,RAINFOREST_RESIN,7,7
Caesar,RAINFOREST_RESIN,8,20
Caesar,RAINFOREST_RESIN,9,11
Caesar,RAINFOREST_RESIN,10,9
Caesar,RAINFOREST_RESIN,11,8
Caesar,RAINFOREST_RESIN,12,12
Caesar,RAINFOREST_RESIN,13,8
Caesar,RAINFOREST_RESIN,14,9
Caesar,RAINFOREST_RESIN,15,10
Caesar,RAINFOREST_RESIN,16,8
Caesar,RAINFOREST_RESIN,17,7
Caesar,RAINFOREST_RESIN,18,6
Caesar,RAINFOREST_RESIN,19,10
Caesar,RAINFOREST_RESIN,20,8
Caesar,RAINFOREST_RESIN,21,9
Caesar,RAINFOREST_RESIN,22,9
Caesar,RAINFOREST_RESIN,23,9
Caesar,SQUID_INK,0,15
Caesar,SQUID_INK,1,19
Caesar,SQUID_INK,2,17
Caesar,SQUID_INK,3,21
Caesar,SQUID_INK,4,20
Caesar,SQUID_INK,5,20
Caesar,SQUID_INK,6,16
Caesar,SQUID_INK,7,17
Caesar,SQUID_INK,8,13
Caesar,SQUID_INK,9,16
Caesar,SQUID_INK,10,12
Caesar,SQUID_INK,11,18
Caesar,SQUID_INK,12,24
Caesar,SQUID_INK,13,7
Caesar,SQUID_INK,14,11
Caesar,SQUID_INK,15,14
Caesar,SQUID_INK,16,16
Caesar,SQUID_INK,17,18
Caesar,SQUID_INK,18,21
Caesar,SQUID_INK,19,21
Caesar,SQUID_INK,20,13
Caesar,SQUID_INK,21,19
Caesar,SQUID_INK,22,16
Caesar,SQUID_INK,23,16
Caesar,VOLCANIC_ROCK,0,65
Caesar,VOLCANIC_ROCK,1,72
Caesar,VOLCANIC_ROCK,2,78
Caesar,VOLCANIC_ROCK,3,72
Caesar,VOLCANIC_ROCK,4,78
Caesar,VOLCANIC_ROCK,5,63
Caesar,VOLCANIC_ROCK,6,59
Caesar,VOLCANIC_ROCK,7,74
Caesar,VOLCANIC_ROCK,8,66
Caesar,VOLCANIC_ROCK,9,69
Caesar,VOLCANIC_ROCK,10,50
Caesar,VOLCANIC_ROCK,11,66
Caesar,VOLCANIC_ROCK,12,63
Caesar,VOLCANIC_ROCK,13,84
Caesar,VOLCANIC_ROCK,14,86
Caesar,VOLCANIC_ROCK,15,56
Caesar,VOLCANIC_ROCK,16,70
Caesar,VOLCANIC_ROCK,17,49
Caesar,VOLCANIC_ROCK,18,67
Caesar,VOLCANIC_ROCK,19,50
Caesar,VOLCANIC_ROCK,20,67
Caesar,VOLCANIC_ROCK,21,56
Caesar,VOLCANIC_ROCK,22,53
Caesar,VOLCANIC_ROCK,23,75
Caesar,VOLCANIC_ROCK_VOUCHER_10000,0,32
Caesar,VOLCANIC_ROCK_VOUCHER_10000,1,24
Caesar,VOLCANIC_ROCK_VOUCHER_10000,2,29
Caesar,VOLCANIC_ROCK_VOUCHER_10000,3,32
Caesar,VOLCANIC_ROCK_VOUCHER_10000,4,27
Caesar,VOLCANIC_ROCK_VOUCHER_10000,5,29
Caesar,VOLCANIC_ROCK_VOUCHER_10000,6,25
Caesar,VOLCANIC_ROCK_VOUCHER_10000,7,27
Caesar,VOLCANIC_ROCK_VOUCHER_10000,8,26
Caesar,VOLCANIC_ROCK_VOUCHER_10000,9,22
Caesar,VOLCANIC_ROCK_VOUCHER_10000,10,34
Caesar,VOLCANIC_ROCK_VOUCHER_10000,11,34
Caesar,VOLCANIC_ROCK_VOUCHER_10000,12,25
Caesar,VOLCANIC_ROCK_VOUCHER_10000,13,23
Caesar,VOLCANIC_ROCK_VOUCHER_10000,14,24
Caesar,VOLCANIC_ROCK_VOUCHER_10000,15,19
Caesar,VOLCANIC_ROCK_VOUCHER_10000,16,23
Caesar,VOLCANIC_ROCK_VOUCHER_10000,17,27
Caesar,VOLCANIC_ROCK_VOUCHER_10000,18,28
Caesar,VOLCANIC_ROCK_VOUCHER_10000,19,23
Caesar,VOLCANIC_ROCK_VOUCHER_10000,20,34
Caesar,VOLCANIC_ROCK_VOUCHER_10000,21,31
Caesar,VOLCANIC_ROCK_VOUCHER_10000,22,24
Caesar,VOLCANIC_ROCK_VOUCHER_10000,23,34
Caesar,VOLCANIC_ROCK_VOUCHER_10250,0,26
Caesar,VOLCANIC_ROCK_VOUCHER_10250,1,20
Caesar,VOLCANIC_ROCK_VOUCHER_10250,2,23
Caesar,VOLCANIC_ROCK_VOUCHER_10250,3,25
Caesar,VOLCANIC_ROCK_VOUCHER_10250,4,20
Caesar,VOLCANIC_ROCK_VOUCHER_10250,5,23
Caesar,VOLCANIC_ROCK_VOUCHER_10250,6,21
Caesar,VOLCANIC_ROCK_VOUCHER_10250,7,22
Caesar,VOLCANIC_ROCK_VOUCHER_10250,8,22
Caesar,VOLCANIC_ROCK_VOUCHER_10250,9,23
Caesar,VOLCANIC_ROCK_VOUCHER_10250,10,29
Caesar,VOLCANIC_ROCK_VOUCHER_10250,11,34
Caesar,VOLCANIC_ROCK_VOUCHER_10250,12,22
Caesar,VOLCANIC_ROCK_VOUCHER_10250,13,22
Caesar,VOLCANIC_ROCK_VOUCHER_10250,14,20
Caesar,VOLCANIC_ROCK_VOUCHER_10250,15,17
Caesar,VOLCANIC_ROCK_VOUCHER_10250,16,22
Caesar,VOLCANIC_ROCK_VOUCHER_10250,17,25
Caesar,VOLCANIC_ROCK_VOUCHER_10250,18,25
Caesar,VOLCANIC_ROCK_VOUCHER_10250,19,16
Caesar,VOLCANIC_ROCK_VOUCHER_10250,20,31
Caesar,VOLCANIC_ROCK_VOUCHER_10250,21,28
Caesar,VOLCANIC_ROCK_VOUCHER_10250,22,18
Caesar,VOLCANIC_ROCK_VOUCHER_10250,23,31
Caesar,VOLCANIC_ROCK_VOUCHER_10500,0,13
Caesar,VOLCANIC_ROCK_VOUCHER_10500,1,15
Caesar,VOLCANIC_ROCK_VOUCHER_10500,2,18
Caesar,VOLCANIC_ROCK_VOUCHER_10500,3,18
Caesar,VOLCANIC_ROCK_VOUCHER_10500,4,17
Caesar,VOLCANIC_ROCK_VOUCHER_10500,5,14
Caesar,VOLCANIC_ROCK_VOUCHER_10500,6,15
Caesar,VOLCANIC_ROCK_VOUCHER_10500,7,17
Caesar,VOLCANIC_ROCK_VOUCHER_10500,8,16
Caesar,VOLCANIC_ROCK_VOUCHER_10500,9,12
Caesar,VOLCANIC_ROCK_VOUCHER_10500,10,16
Caesar,VOLCANIC_ROCK_VOUCHER_10500,11,22
Caesar,VOLCANIC_ROCK_VOUCHER_10500,12,19
Caesar,VOLCANIC_ROCK_VOUCHER_10500,13,16
Caesar,VOLCANIC_ROCK_VOUCHER_10500,14,11
Caesar,VOLCANIC_ROCK_VOUCHER_10500,15,10
Caesar,VOLCANIC_ROCK_VOUCHER_10500,16,11
Caesar,VOLCANIC_ROCK_VOUCHER_10500,17,12
Caesar,VOLCANIC_ROCK_VOUCHER_10500,18,23
Caesar,VOLCANIC_ROCK_VOUCHER_10500,19,13
Caesar,VOLCANIC_ROCK_VOUCHER_10500,20,19
Caesar,VOLCANIC_ROCK_VOUCHER_10500,21,20
Caesar,VOLCANIC_ROCK_VOUCHER_10500,22,9
Caesar,VOLCANIC_ROCK_VOUCHER_10500,23,16
Caesar,VOLCANIC_ROCK_VOUCHER_9500,0,31
Caesar,VOLCANIC_ROCK_VOUCHER_9500,1,23
Caesar,VOLCANIC_ROCK_VOUCHER_9500,2,31
Caesar,VOLCANIC_ROCK_VOUCHER_9500,3,32
Caesar,VOLCANIC_ROCK_VOUCHER_9500,4,32
Caesar,VOLCANIC_ROCK_VOUCHER_9500,5,33
Caesar,VOLCANIC_ROCK_VOUCHER_9500,6,29
Caesar,VOLCANIC_ROCK_VOUCHER_9500,7,26
Caesar,VOLCANIC_ROCK_VOUCHER_9500,8,28
Caesar,VOLCANIC_ROCK_VOUCHER_9500,9,24
Caesar,VOLCANIC_ROCK_VOUCHER_9500,10,36
Caesar,VOLCANIC_ROCK_VOUCHER_9500,11,28
Caesar,VOLCANIC_ROCK_VOUCHER_9500,12,23
Caesar,VOLCANIC_ROCK_VOUCHER_9500,13,24
Caesar,VOLCANIC_ROCK_VOUCHER_9500,14,27
Caesar,VOLCANIC_ROCK_VOUCHER_9500,15,19
Caesar,VOLCANIC_ROCK_VOUCHER_9500,16,22
Caesar,VOLCANIC_ROCK_VOUCHER_9500,17,30
Caesar,VOLCANIC_ROCK_VOUCHER_9500,18,31
Caesar,VOLCANIC_ROCK_VOUCHER_9500,19,26
Caesar,VOLCANIC_ROCK_VOUCHER_9500,20,38
Caesar,VOLCANIC_ROCK_VOUCHER_9500,21,30
Caesar,VOLCANIC_ROCK_VOUCHER_9500,22,23
Caesar,VOLCANIC_ROCK_VOUCHER_9500,23,37
Caesar,VOLCANIC_ROCK_VOUCHER_9750,0,29
Caesar,VOLCANIC_ROCK_VOUCHER_9750,1,24
Caesar,VOLCANIC_ROCK_VOUCHER_9750,2,32
Caesar,VOLCANIC_ROCK_VOUCHER_9750,3,34
Caesar,VOLCANIC_ROCK_VOUCHER_9750,4,33
Caesar,VOLCANIC_ROCK_VOUCHER_9750,5,34
Caesar,VOLCANIC_ROCK_VOUCHER_9750,6,25
Caesar,VOLCANIC_ROCK_VOUCHER_9750,7,27
Caesar,VOLCANIC_ROCK_VOUCHER_9750,8,29
Caesar,VOLCANIC_ROCK_VOUCHER_9750,9,25
Caesar,VOLCANIC_ROCK_VOUCHER_9750,10,35
Caesar,VOLCANIC_ROCK_VOUCHER_9750,11,34
Caesar,VOLCANIC_ROCK_VOUCHER_9750,12,25
Caesar,VOLCANIC_ROCK_VOUCHER_9750,13,24
Caesar,VOLCANIC_ROCK_VOUCHER_9750,14,27
Caesar,VOLCANIC_ROCK_VOUCHER_9750,15,18
Caesar,VOLCANIC_ROCK_VOUCHER_9750,16,24
Caesar,VOLCANIC_ROCK_VOUCHER_9750,17,29
Caesar,VOLCANIC_ROCK_VOUCHER_9750,18,32
Caesar,VOLCANIC_ROCK_VOUCHER_9750,19,27
Caesar,VOLCANIC_ROCK_VOUCHER_9750,20,36
Caesar,VOLCANIC_ROCK_VOUCHER_9750,21,30
Caesar,VOLCANIC_ROCK_VOUCHER_9750,22,24
Caesar,VOLCANIC_ROCK_VOUCHER_9750,23,35
Camilla,CROISSANTS,4,1
Camilla,CROISSANTS,5,1
Camilla,CROISSANTS,9,1
Camilla,CROISSANTS,12,1
Camilla,DJEMBES,15,1
Camilla,JAMS,0,1
Camilla,JAMS,1,1
Camilla,JAMS,2,1
Camilla,JAMS,4,1
Camilla,JAMS,9,1
Camilla,JAMS,10,2
Camilla,JAMS,14,2
Camilla,JAMS,16,1
Camilla,JAMS,17,2
Camilla,JAMS,18,2
Camilla,JAMS,20,1
Camilla,JAMS,21,3
Camilla,JAMS,22,1
Camilla,JAMS,23,2
Camilla,KELP,0,36
Camilla,KELP,1,28
Camilla,KELP,2,33
Camilla,KELP,3,36
Camilla,KELP,4,38
Camilla,KELP,5,32
Camilla,KELP,6,41
Camilla,KELP,7,43
Camilla,KELP,8,26
Camilla,KELP,9,34
Camilla,KELP,10,33
Camilla,KELP,11,38
Camilla,KELP,12,28
Camilla,KELP,13,25
Camilla,KELP,14,40
Camilla,KELP,15,39
Camilla,KELP,16,27
Camilla,KELP,17,24
Camilla,KELP,18,35
Camilla,KELP,19,25
Camilla,KELP,20,29
Camilla,KELP,21,32
Camilla,KELP,22,33
Camilla,KELP,23,38
Camilla,MAGNIFICENT_MACARONS,0,8
Camilla,MAGNIFICENT_MACARONS,1,13
Camilla,MAGNIFICENT_MACARONS,2,9
Camilla,MAGNIFICENT_MACARONS,3,10
Camilla,MAGNIFICENT_MACARONS,4,15
Camilla,MAGNIFICENT_MACARONS,5,11
Camilla,MAGNIFICENT_MACARONS,6,15
Camilla,MAGNIFICENT_MACARONS,7,11
Camilla,MAGNIFICENT_MACARONS,8,9
Camilla,MAGNIFICENT_MACARONS,9,15
Camilla,MAGNIFICENT_MACARONS,10,19
Camilla,MAGNIFICENT_MACARONS,11,16
Camilla,MAGNIFICENT_MACARONS,12,8
Camilla,MAGNIFICENT_MACARONS,13,10
Camilla,MAGNIFICENT_MACARONS,14,4
Camilla,MAGNIFICENT_MACARONS,15,11
Camilla,MAGNIFICENT_MACARONS,16,9
Camilla,MAGNIFICENT_MACARONS,17,12
Camilla,MAGNIFICENT_MACARONS,18,15
Camilla,MAGNIFICENT_MACARONS,19,13
Camilla,MAGNIFICENT_MACARONS,20,6
Camilla,MAGNIFICENT_MACARONS,21,6
Camilla,MAGNIFICENT_MACARONS,22,9
Camilla,MAGNIFICENT_MACARONS,23,9
Camilla,PICNIC_BASKET1,0,17
Camilla,PICNIC_BASKET1,1,21
Camilla,PICNIC_BASKET1,2,21
Camilla,PICNIC_BASKET1,3,30
Camilla,PICNIC_BASKET1,4,9
Camilla,PICNIC_BASKET1,5,11
Camilla,PICNIC_BASKET1,6,26
Camilla,PICNIC_BASKET1,7,22
Camilla,PICNIC_BASKET1,8,29
Camilla,PICNIC_BASKET1,9,29
Camilla,PICNIC_BASKET1,10,17
Camilla,PICNIC_BASKET1,11,29
Camilla,PICNIC_BASKET1,12,19
Camilla,PICNIC_BASKET1,13,23
Camilla,PICNIC_BASKET1,14,20
Camilla,PICNIC_BASKET1,15,22
Camilla,PICNIC_BASKET1,16,24
Camilla,PICNIC_BASKET1,17,17
Camilla,PICNIC_BASKET1,18,16
Camilla,PICNIC_BASKET1,19,20
Camilla,PICNIC_BASKET1,20,20
Camilla,PICNIC_BASKET1,21,19
Camilla,PICNIC_BASKET1,22,16
Camilla,PICNIC_BASKET1,23,12
Camilla,PICNIC_BASKET2,0,28
Camilla,PICNIC_BASKET2,1,27
Camilla,PICNIC_BASKET2,2,26
Camilla,PICNIC_BASKET2,3,24
Camilla,PICNIC_BASKET2,4,18
Camilla,PICNIC_BASKET2,5,12
Camilla,PICNIC_BASKET2,6,27
Camilla,PICNIC_BASKET2,7,17
Camilla,PICNIC_BASKET2,8,21
Camilla,PICNIC_BASKET2,9,24
Camilla,PICNIC_BASKET2,10,29
Camilla,PICNIC_BASKET2,11,24
Camilla,PICNIC_BASKET2,12,15
Camilla,PICNIC_BASKET2,13,16
Camilla,PICNIC_BASKET2,14,20
Camilla,PICNIC_BASKET2,15,20
Camilla,PICNIC_BASKET2,16,23
Camilla,PICNIC_BASKET2,17,14
Camilla,PICNIC_BASKET2,18,17
Camilla,PICNIC_BASKET2,19,17
Camilla,PICNIC_BASKET2,20,21
Camilla,PICNIC_BASKET2,21,20
Camilla,PICNIC_BASKET2,22,13
Camilla,PICNIC_BASKET2,23,13
Camilla,RAINFOREST_RESIN,0,6
Camilla,RAINFOREST_RESIN,1,5
Camilla,RAINFOREST_RESIN,2,8
Camilla,RAINFOREST_RESIN,3,5
Camilla,RAINFOREST_RESIN,4,5
Camilla,RAINFOREST_RESIN,5,3
Camilla,RAINFOREST_RESIN,6,3
Camilla,RAINFOREST_RESIN,7,3
Camilla,RAINFOREST_RESIN,8,8
Camilla,RAINFOREST_RESIN,9,5
Camilla,RAINFOREST_RESIN,10,9
Camilla,RAINFOREST_RESIN,11,5
Camilla,RAINFOREST_RESIN,12,3
Camilla,RAINFOREST_RESIN,13,6
Camilla,RAINFOREST_RESIN,14,6
Camilla,RAINFOREST_RESIN,15,9
Camilla,RAINFOREST_RESIN,16,6
Camilla,RAINFOREST_RESIN,17,4
Camilla,RAINFOREST_RESIN,18,2
Camilla,RAINFOREST_RESIN,19,9
Camilla,RAINFOREST_RESIN,20,4
Camilla,RAINFOREST_RESIN,21,8
Camilla,RAINFOREST_RESIN,22,9
Camilla,SQUID_INK,0,34
Camilla,SQUID_INK,1,30
Camilla,SQUID_INK,2,36
Camilla,SQUID_INK,3,37
Camilla,SQUID_INK,4,36
Camilla,SQUID_INK,5,32
Camilla,SQUID_INK,6,41
Camilla,SQUID_INK,7,45
Camilla,SQUID_INK,8,32
Camilla,SQUID_INK,9,36
Camilla,SQUID_INK,10,34
Camilla,SQUID_INK,11,40
Camilla,SQUID_INK,12,29
Camilla,SQUID_INK,13,24
Camilla,SQUID_INK,14,41
Camilla,SQUID_INK,15,35
Camilla,SQUID_INK,16,29
Camilla,SQUID_INK,17,24
Camilla,SQUID_INK,18,35
Camilla,SQUID_INK,19,28
Camilla,SQUID_INK,20,31
Camilla,SQUID_INK,21,33
Camilla,SQUID_INK,22,33
Camilla,SQUID_INK,23,39
Camilla,VOLCANIC_ROCK_VOUCHER_10000,0,96
Camilla,VOLCANIC_ROCK_VOUCHER_10000,1,89
Camilla,VOLCANIC_ROCK_VOUCHER_10000,2,104
Camilla,VOLCANIC_ROCK_VOUCHER_10000,3,91
Camilla,VOLCANIC_ROCK_VOUCHER_10000,4,93
Camilla,VOLCANIC_ROCK_VOUCHER_10000,5,95
Camilla,VOLCANIC_ROCK_VOUCHER_10000,6,99
Camilla,VOLCANIC_ROCK_VOUCHER_10000,7,95
Camilla,VOLCANIC_ROCK_VOUCHER_10000,8,96
Camilla,VOLCANIC_ROCK_VOUCHER_10000,9,85
Camilla,VOLCANIC_ROCK_VOUCHER_10000,10,107
Camilla,VOLCANIC_ROCK_VOUCHER_10000,11,91
Camilla,VOLCANIC_ROCK_VOUCHER_10000,12,85
Camilla,VOLCANIC_ROCK_VOUCHER_10000,13,88
Camilla,VOLCANIC_ROCK_VOUCHER_10000,14,93
Camilla,VOLCANIC_ROCK_VOUCHER_10000,15,80
Camilla,VOLCANIC_ROCK_VOUCHER_10000,16,87
Camilla,VOLCANIC_ROCK_VOUCHER_10000,17,89
Camilla,VOLCANIC_ROCK_VOUCHER_10000,18,89
Camilla,VOLCANIC_ROCK_VOUCHER_10000,19,83
Camilla,VOLCANIC_ROCK_VOUCHER_10000,20,111
Camilla,VOLCANIC_ROCK_VOUCHER_10000,21,94
Camilla,VOLCANIC_ROCK_VOUCHER_10000,22,90
Camilla,VOLCANIC_ROCK_VOUCHER_10000,23,109
Camilla,VOLCANIC_ROCK_VOUCHER_10250,0,86
Camilla,VOLCANIC_ROCK_VOUCHER_10250,1,77
Camilla,VOLCANIC_ROCK_VOUCHER_10250,2,82
Camilla,VOLCANIC_ROCK_VOUCHER_10250,3,72
Camilla,VOLCANIC_ROCK_VOUCHER_10250,4,73
Camilla,VOLCANIC_ROCK_VOUCHER_10250,5,70
Camilla,VOLCANIC_ROCK_VOUCHER_10250,6,85
Camilla,VOLCANIC_ROCK_VOUCHER_10250,7,81
Camilla,VOLCANIC_ROCK_VOUCHER_10250,8,90
Camilla,VOLCANIC_ROCK_VOUCHER_10250,9,79
Camilla,VOLCANIC_ROCK_VOUCHER_10250,10,94
Camilla,VOLCANIC_ROCK_VOUCHER_10250,11,85
Camilla,VOLCANIC_ROCK_VOUCHER_10250,12,75
Camilla,VOLCANIC_ROCK_VOUCHER_10250,13,78
Camilla,VOLCANIC_ROCK_VOUCHER_10250,14,86
Camilla,VOLCANIC_ROCK_VOUCHER_10250,15,68
Camilla,VOLCANIC_ROCK_VOUCHER_10250,16,80
Camilla,VOLCANIC_ROCK_VOUCHER_10250,17,81
Camilla,VOLCANIC_ROCK_VOUCHER_10250,18,81
Camilla,VOLCANIC_ROCK_VOUCHER_10250,19,67
Camilla,VOLCANIC_ROCK_VOUCHER_10250,20,98
Camilla,VOLCANIC_ROCK_VOUCHER_10250,21,89
Camilla,VOLCANIC_ROCK_VOUCHER_10250,22,68
Camilla,VOLCANIC_ROCK_VOUCHER_10250,23,92
Camilla,VOLCANIC_ROCK_VOUCHER_10500,0,60
Camilla,VOLCANIC_ROCK_VOUCHER_10500,1,55
Camilla,VOLCANIC_ROCK_VOUCHER_10500,2,56
Camilla,VOLCANIC_ROCK_VOUCHER_10500,3,53
Camilla,VOLCANIC_ROCK_VOUCHER_10500,4,49
Camilla,VOLCANIC_ROCK_VOUCHER_10500,5,47
Camilla,VOLCANIC_ROCK_VOUCHER_10500,6,56
Camilla,VOLCANIC_ROCK_VOUCHER_10500,7,57
Camilla,VOLCANIC_ROCK_VOUCHER_10500,8,51
Camilla,VOLCANIC_ROCK_VOUCHER_10500,9,43
Camilla,VOLCANIC_ROCK_VOUCHER_10500,10,54
Camilla,VOLCANIC_ROCK_VOUCHER_10500,11,56
Camilla,VOLCANIC_ROCK_VOUCHER_10500,12,52
Camilla,VOLCANIC_ROCK_VOUCHER_10500,13,60
Camilla,VOLCANIC_ROCK_VOUCHER_10500,14,55
Camilla,VOLCANIC_ROCK_VOUCHER_10500,15,47
Camilla,VOLCANIC_ROCK_VOUCHER_10500,16,52
Camilla,VOLCANIC_ROCK_VOUCHER_10500,17,47
Camilla,VOLCANIC_ROCK_VOUCHER_10500,18,56
Camilla,VOLCANIC_ROCK_VOUCHER_10500,19,38
Camilla,VOLCANIC_ROCK_VOUCHER_10500,20,70
Camilla,VOLCANIC_ROCK_VOUCHER_10500,21,58
Camilla,VOLCANIC_ROCK_VOUCHER_10500,22,42
Camilla,VOLCANIC_ROCK_VOUCHER_10500,23,60
Camilla,VOLCANIC_ROCK_VOUCHER_9500,0,98
Camilla,VOLCANIC_ROCK_VOUCHER_9500,1,89
Camilla,VOLCANIC_ROCK_VOUCHER_9500,2,106
Camilla,VOLCANIC_ROCK_VOUCHER_9500,3,94
Camilla,VOLCANIC_ROCK_VOUCHER_9500,4,95
Camilla,VOLCANIC_ROCK_VOUCHER_9500,5,97
Camilla,VOLCANIC_ROCK_VOUCHER_9500,6,104
Camilla,VOLCANIC_ROCK_VOUCHER_9500,7,94
Camilla,VOLCANIC_ROCK_VOUCHER_9500,8,100
Camilla,VOLCANIC_ROCK_VOUCHER_9500,9,85
Camilla,VOLCANIC_ROCK_VOUCHER_9500,10,112
Camilla,VOLCANIC_ROCK_VOUCHER_9500,11,86
Camilla,VOLCANIC_ROCK_VOUCHER_9500,12,82
Camilla,VOLCANIC_ROCK_VOUCHER_9500,13,88
Camilla,VOLCANIC_ROCK_VOUCHER_9500,14,95
Camilla,VOLCANIC_ROCK_VOUCHER_9500,15,82
Camilla,VOLCANIC_ROCK_VOUCHER_9500,16,91
Camilla,VOLCANIC_ROCK_VOUCHER_9500,17,93
Camilla,VOLCANIC_ROCK_VOUCHER_9500,18,93
Camilla,VOLCANIC_ROCK_VOUCHER_9500,19,88
Camilla,VOLCANIC_ROCK_VOUCHER_9500,20,115
Camilla,VOLCANIC_ROCK_VOUCHER_9500,21,95
Camilla,VOLCANIC_ROCK_VOUCHER_9500,22,89
Camilla,VOLCANIC_ROCK_VOUCHER_9500,23,105
Camilla,VOLCANIC_ROCK_VOUCHER_9750,0,99
Camilla,VOLCANIC_ROCK_VOUCHER_9750,1,92
Camilla,VOLCANIC_ROCK_VOUCHER_9750,2,110
Camilla,VOLCANIC_ROCK_VOUCHER_9750,3,96
Camilla,VOLCANIC_ROCK_VOUCHER_9750,4,98
Camilla,VOLCANIC_ROCK_VOUCHER_9750,5,102
Camilla,VOLCANIC_ROCK_VOUCHER_9750,6,108
Camilla,VOLCANIC_ROCK_VOUCHER_9750,7,98
Camilla,VOLCANIC_ROCK_VOUCHER_9750,8,99
Camilla,VOLCANIC_ROCK_VOUCHER_9750,9,87
Camilla,VOLCANIC_ROCK_VOUCHER_9750,10,112
Camilla,VOLCANIC_ROCK_VOUCHER_9750,11,93
Camilla,VOLCANIC_ROCK_VOUCHER_9750,12,88
Camilla,VOLCANIC_ROCK_VOUCHER_9750,13,87
Camilla,VOLCANIC_ROCK_VOUCHER_9750,14,97
Camilla,VOLCANIC_ROCK_VOUCHER_9750,15,82
Camilla,VOLCANIC_ROCK_VOUCHER_9750,16,91
Camilla,VOLCANIC_ROCK_VOUCHER_9750,17,96
Camilla,VOLCANIC_ROCK_VOUCHER_9750,18,94
Camilla,VOLCANIC_ROCK_VOUCHER_9750,19,88
Camilla,VOLCANIC_ROCK_VOUCHER_9750,20,113
Camilla,VOLCANIC_ROCK_VOUCHER_9750,21,95
Camilla,VOLCANIC_ROCK_VOUCHER_9750,22,88
Camilla,VOLCANIC_ROCK_VOUCHER_9750,23,112
Charlie,KELP,0,162
Charlie,KELP,1,173
Charlie,KELP,2,169
Charlie,KELP,3,142
Charlie,KELP,4,179
Charlie,KELP,5,152
Charlie,KELP,6,173
Charlie,KELP,7,155
Charlie,KELP,8,153
Charlie,KELP,9,157
Charlie,KELP,10,154
Charlie,KELP,11,170
Charlie,KELP,12,157
Charlie,KELP,13,145
Charlie,KELP,14,139
Charlie,KELP,15,127
Charlie,KELP,16,154
Charlie,KELP,17,162
Charlie,KELP,18,153
Charlie,KELP,19,155
Charlie,KELP,20,158
Charlie,KELP,21,168
Charlie,KELP,22,166
Charlie,KELP,23,150
Charlie,MAGNIFICENT_MACARONS,0,2
Charlie,MAGNIFICENT_MACARONS,1,3
Charlie,MAGNIFICENT_MACARONS,5,1
Charlie,MAGNIFICENT_MACARONS,7,3
Charlie,MAGNIFICENT_MACARONS,8,5
Charlie,MAGNIFICENT_MACARONS,9,1
Charlie,MAGNIFICENT_MACARONS,10,1
Charlie,MAGNIFICENT_MACARONS,11,2
Charlie,MAGNIFICENT_MACARONS,12,1
Charlie,MAGNIFICENT_MACARONS,13,4
Charlie,MAGNIFICENT_MACARONS,15,3
Charlie,MAGNIFICENT_MACARONS,16,4
Charlie,MAGNIFICENT_MACARONS,17,1
Charlie,MAGNIFICENT_MACARONS,18,2
Charlie,MAGNIFICENT_MACARONS,19,2
Charlie,MAGNIFICENT_MACARONS,20,1
Charlie,MAGNIFICENT_MACARONS,21,3
Charlie,PICNIC_BASKET1,2,1
Charlie,PICNIC_BASKET1,4,2
Charlie,PICNIC_BASKET1,7,3
Charlie,PICNIC_BASKET1,9,2
Charlie,PICNIC_BASKET1,10,1
Charlie,PICNIC_BASKET1,11,1
Charlie,PICNIC_BASKET1,12,1
Charlie,PICNIC_BASKET1,13,2
Charlie,PICNIC_BASKET1,15,1
Charlie,PICNIC_BASKET1,18,1
Charlie,PICNIC_BASKET1,19,1
Charlie,PICNIC_BASKET1,23,1
Charlie,PICNIC_BASKET2,0,5
Charlie,PICNIC_BASKET2,1,8
Charlie,PICNIC_BASKET2,2,10
Charlie,PICNIC_BASKET2,3,15
Charlie,PICNIC_BASKET2,4,7
Charlie,PICNIC_BASKET2,5,7
Charlie,PICNIC_BASKET2,6,11
Charlie,PICNIC_BASKET2,7,14
Charlie,PICNIC_BASKET2,8,13
Charlie,PICNIC_BASKET2,9,18
Charlie,PICNIC_BASKET2,10,9
Charlie,PICNIC_BASKET2,11,12
Charlie,PICNIC_BASKET2,12,9
Charlie,PICNIC_BASKET2,13,13
Charlie,PICNIC_BASKET2,14,10
Charlie,PICNIC_BASKET2,15,13
Charlie,PICNIC_BASKET2,16,11
Charlie,PICNIC_BASKET2,17,8
Charlie,PICNIC_BASKET2,18,5
Charlie,PICNIC_BASKET2,19,8
Charlie,PICNIC_BASKET2,20,9
Charlie,PICNIC_BASKET2,21,10
Charlie,PICNIC_BASKET2,22,6
Charlie,PICNIC_BASKET2,23,7
Charlie,RAINFOREST_RESIN,0,98
Charlie,RAINFOREST_RESIN,1,115
Charlie,RAINFOREST_RESIN,2,75
Charlie,RAINFOREST_RESIN,3,107
Charlie,RAINFOREST_RESIN,4,110
Charlie,RAINFOREST_RESIN,5,91
Charlie,RAINFOREST_RESIN,6,89
Charlie,RAINFOREST_RESIN,7,98
Charlie,RAINFOREST_RESIN,8,115
Charlie,RAINFOREST_RESIN,9,87
Charlie,RAINFOREST_RESIN,10,83
Charlie,RAINFOREST_RESIN,11,104
Charlie,RAINFOREST_RESIN,12,76
Charlie,RAINFOREST_RESIN,13,94
Charlie,RAINFOREST_RESIN,14,108
Charlie,RAINFOREST_RESIN,15,91
Charlie,RAINFOREST_RESIN,16,93
Charlie,RAINFOREST_RESIN,17,68
Charlie,RAINFOREST_RESIN,18,90
Charlie,RAINFOREST_RESIN,19,81
Charlie,RAINFOREST_RESIN,20,76
Charlie,RAINFOREST_RESIN,21,80
Charlie,RAINFOREST_RESIN,22,87
Charlie,RAINFOREST_RESIN,23,86
Charlie,SQUID_INK,0,172
Charlie,SQUID_INK,1,171
Charlie,SQUID_INK,2,165
Charlie,SQUID_INK,3,152
Charlie,SQUID_INK,4,179
Charlie,SQUID_INK,5,168
Charlie,SQUID_INK,6,176
Charlie,SQUID_INK,7,157
Charlie,SQUID_INK,8,157
Charlie,SQUID_INK,9,158
Charlie,SQUID_INK,10,155
Charlie,SQUID_INK,11,174
Charlie,SQUID_INK,12,160
Charlie,SQUID_INK,13,156
Charlie,SQUID_INK,14,140
Charlie,SQUID_INK,15,126
Charlie,SQUID_INK,16,174
Charlie,SQUID_INK,17,161
Charlie,SQUID_INK,18,156
Charlie,SQUID_INK,19,147
Charlie,SQUID_INK,20,169
Charlie,SQUID_INK,21,158
Charlie,SQUID_INK,22,173
Charlie,SQUID_INK,23,150
Gary,KELP,0,16
Gary,KELP,1,14
Gary,KELP,2,16
Gary,KELP,3,21
Gary,KELP,4,13
Gary,KELP,5,13
Gary,KELP,6,16
Gary,KELP,7,5
Gary,KELP,8,14
Gary,KELP,9,8
Gary,KELP,10,7
Gary,KELP,11,16
Gary,KELP,12,11
Gary,KELP,13,13
Gary,KELP,14,19
Gary,KELP,15,17
Gary,KELP,16,6
Gary,KELP,17,14
Gary,KELP,18,10
Gary,KELP,19,9
Gary,KELP,20,13
Gary,KELP,21,12
Gary,KELP,22,11
Gary,KELP,23,8
Gary,RAINFOREST_RESIN,0,6
Gary,RAINFOREST_RESIN,1,7
Gary,RAINFOREST_RESIN,2,5
Gary,RAINFOREST_RESIN,3,12
Gary,RAINFOREST_RESIN,4,3
Gary,RAINFOREST_RESIN,5,6
Gary,RAINFOREST_RESIN,6,12
Gary,RAINFOREST_RESIN,7,6
Gary,RAINFOREST_RESIN,8,8
Gary,RAINFOREST_RESIN,9,11
Gary,RAINFOREST_RESIN,10,5
Gary,RAINFOREST_RESIN,11,6
Gary,RAINFOREST_RESIN,12,1
Gary,RAINFOREST_RESIN,13,10
Gary,RAINFOREST_RESIN,14,8
Gary,RAINFOREST_RESIN,15,14
Gary,RAINFOREST_RESIN,16,8
Gary,RAINFOREST_RESIN,17,7
Gary,RAINFOREST_RESIN,18,2
Gary,RAINFOREST_RESIN,19,4
Gary,RAINFOREST_RESIN,20,9
Gary,RAINFOREST_RESIN,21,3
Gary,RAINFOREST_RESIN,22,14
Gary,RAINFOREST_RESIN,23,9
Gary,SQUID_INK,0,15
Gary,SQUID_INK,1,14
Gary,SQUID_INK,2,16
Gary,SQUID_INK,3,20
Gary,SQUID_INK,4,12
Gary,SQUID_INK,5,14
Gary,SQUID_INK,6,16
Gary,SQUID_INK,7,4
Gary,SQUID_INK,8,15
Gary,SQUID_INK,9,8
Gary,SQUID_INK,10,7
Gary,SQUID_INK,11,18
Gary,SQUID_INK,12,11
Gary,SQUID_INK,13,11
Gary,SQUID_INK,14,19
Gary,SQUID_INK,15,17
Gary,SQUID_INK,16,6
Gary,SQUID_INK,17,14
Gary,SQUID_INK,18,10
Gary,SQUID_INK,19,9
Gary,SQUID_INK,20,11
Gary,SQUID_INK,21,12
Gary,SQUID_INK,22,12
Gary,SQUID_INK,23,8
Gina,KELP,0,5
Gina,KELP,1,3
Gina,KELP,2,10
Gina,KELP,3,5
Gina,KELP,4,3
Gina,KELP,5,4
Gina,KELP,6,7
Gina,KELP,7,6
Gina,KELP,8,7
Gina,KELP,9,6
Gina,KELP,10,3
Gina,KELP,11,5
Gina,KELP,12,7
Gina,KELP,13,6
Gina,KELP,14,2
Gina,KELP,15,6
Gina,KELP,16,5
Gina,KELP,17,9
Gina,KELP,18,11
Gina,KELP,19,8
Gina,KELP,20,3
Gina,KELP,21,2
Gina,KELP,22,3
Gina,KELP,23,6
Gina,RAINFOREST_RESIN,0,3
Gina,RAINFOREST_RESIN,1,5
Gina,RAINFOREST_RESIN,2,5
Gina,RAINFOREST_RESIN,3,5
Gina,RAINFOREST_RESIN,4,5
Gina,RAINFOREST_RESIN,5,3
Gina,RAINFOREST_RESIN,6,10
Gina,RAINFOREST_RESIN,7,12
Gina,RAINFOREST_RESIN,8,6
Gina,RAINFOREST_RESIN,9,13
Gina,RAINFOREST_RESIN,10,6
Gina,RAINFOREST_RESIN,11,7
Gina,RAINFOREST_RESIN,12,1
Gina,RAINFOREST_RESIN,13,6
Gina,RAINFOREST_RESIN,14,5
Gina,RAINFOREST_RESIN,15,9
Gina,RAINFOREST_RESIN,16,2
Gina,RAINFOREST_RESIN,17,11
Gina,RAINFOREST_RESIN,18,8
Gina,RAINFOREST_RESIN,19,7
Gina,RAINFOREST_RESIN,20,5
Gina,RAINFOREST_RESIN,21,5
Gina,RAINFOREST_RESIN,22,6
Gina,RAINFOREST_RESIN,23,9
Gina,SQUID_INK,0,4
Gina,SQUID_INK,1,5
Gina,SQUID_INK,2,7
Gina,SQUID_INK,3,3
Gina,SQUID_INK,4,6
Gina,SQUID_INK,5,4
Gina,SQUID_INK,6,7
Gina,SQUID_INK,7,3
Gina,SQUID_INK,8,5
Gina,SQUID_INK,9,4
Gina,SQUID_INK,10,3
Gina,SQUID_INK,11,5
Gina,SQUID_INK,12,3
Gina,SQUID_INK,13,6
Gina,SQUID_INK,14,1
Gina,SQUID_INK,15,7
Gina,SQUID_INK,16,5
Gina,SQUID_INK,17,9
Gina,SQUID_INK,18,10
Gina,SQUID_INK,19,7
Gina,SQUID_INK,20,6
Gina,SQUID_INK,21,2
Gina,SQUID_INK,22,3
Gina,SQUID_INK,23,5
Olivia,CROISSANTS,5,1
Olivia,CROISSANTS,6,1
Olivia,CROISSANTS,14,1
Olivia,KELP,2,1
Olivia,KELP,13,2
Olivia,KELP,14,1
Olivia,SQUID_INK,7,2
Olivia,SQUID_INK,11,1
Pablo,KELP,0,14
Pablo,KELP,1,21
Pablo,KELP,2,13
Pablo,KELP,3,15
Pablo,KELP,4,17
Pablo,KELP,5,18
Pablo,KELP,6,11
Pablo,KELP,7,14
Pablo,KELP,8,13
Pablo,KELP,9,15
Pablo,KELP,10,19
Pablo,KELP,11,16
Pablo,KELP,12,7
Pablo,KELP,13,13
Pablo,KELP,14,11
Pablo,KELP,15,8
Pablo,KELP,16,15
Pablo,KELP,17,18
Pablo,KELP,18,15
Pablo,KELP,19,9
Pablo,KELP,20,12
Pablo,KELP,21,13
Pablo,KELP,22,12
Pablo,KELP,23,13
Pablo,PICNIC_BASKET1,0,8
Pablo,PICNIC_BASKET1,1,19
Pablo,PICNIC_BASKET1,2,19
Pablo,PICNIC_BASKET1,3,7
Pablo,PICNIC_BASKET1,4,11
Pablo,PICNIC_BASKET1,5,23
Pablo,PICNIC_BASKET1,6,17
Pablo,PICNIC_BASKET1,7,8
Pablo,PICNIC_BASKET1,8,16
Pablo,PICNIC_BASKET1,9,14
Pablo,PICNIC_BASKET1,10,16
Pablo,PICNIC_BASKET1,11,12
Pablo,PICNIC_BASKET1,12,9
Pablo,PICNIC_BASKET1,13,10
Pablo,PICNIC_BASKET1,14,13
Pablo,PICNIC_BASKET1,15,12
Pablo,PICNIC_BASKET1,16,8
Pablo,PICNIC_BASKET1,17,15
Pablo,PICNIC_BASKET1,18,12
Pablo,PICNIC_BASKET1,19,12
Pablo,PICNIC_BASKET1,20,9
Pablo,PICNIC_BASKET1,21,17
Pablo,PICNIC_BASKET1,22,19
Pablo,PICNIC_BASKET1,23,11
Pablo,PICNIC_BASKET2,0,7
Pablo,PICNIC_BASKET2,1,9
Pablo,PICNIC_BASKET2,2,6
Pablo,PICNIC_BASKET2,3,3
Pablo,PICNIC_BASKET2,4,10
Pablo,PICNIC_BASKET2,5,15
Pablo,PICNIC_BASKET2,6,9
Pablo,PICNIC_BASKET2,7,6
Pablo,PICNIC_BASKET2,8,6
Pablo,PICNIC_BASKET2,9,11
Pablo,PICNIC_BASKET2,10,7
Pablo,PICNIC_BASKET2,11,9
Pablo,PICNIC_BASKET2,12,11
Pablo,PICNIC_BASKET2,13,4
Pablo,PICNIC_BASKET2,14,8
Pablo,PICNIC_BASKET2,15,11
Pablo,PICNIC_BASKET2,16,7
Pablo,PICNIC_BASKET2,17,10
Pablo,PICNIC_BASKET2,18,10
Pablo,PICNIC_BASKET2,19,8
Pablo,PICNIC_BASKET2,20,6
Pablo,PICNIC_BASKET2,21,14
Pablo,PICNIC_BASKET2,22,17
Pablo,PICNIC_BASKET2,23,8
Pablo,RAINFOREST_RESIN,0,35
Pablo,RAINFOREST_RESIN,1,25
Pablo,RAINFOREST_RESIN,2,38
Pablo,RAINFOREST_RESIN,3,25
Pablo,RAINFOREST_RESIN,4,42
Pablo,RAINFOREST_RESIN,5,36
Pablo,RAINFOREST_RESIN,6,31
Pablo,RAINFOREST_RESIN,7,42
Pablo,RAINFOREST_RESIN,8,23
Pablo,RAINFOREST_RESIN,9,27
Pablo,RAINFOREST_RESIN,10,42
Pablo,RAINFOREST_RESIN,11,34
Pablo,RAINFOREST_RESIN,12,25
Pablo,RAINFOREST_RESIN,13,15
Pablo,RAINFOREST_RESIN,14,32
Pablo,RAINFOREST_RESIN,15,31
Pablo,RAINFOREST_RESIN,16,24
Pablo,RAINFOREST_RESIN,17,26
Pablo,RAINFOREST_RESIN,18,27
Pablo,RAINFOREST_RESIN,19,29
Pablo,RAINFOREST_RESIN,20,34
Pablo,RAINFOREST_RESIN,21,29
Pablo,RAINFOREST_RESIN,22,23
Pablo,RAINFOREST_RESIN,23,40
Pablo,SQUID_INK,0,12
Pablo,SQUID_INK,1,15
Pablo,SQUID_INK,2,12
Pablo,SQUID_INK,3,13
Pablo,SQUID_INK,4,17
Pablo,SQUID_INK,5,16
Pablo,SQUID_INK,6,11
Pablo,SQUID_INK,7,18
Pablo,SQUID_INK,8,13
Pablo,SQUID_INK,9,14
Pablo,SQUID_INK,10,18
Pablo,SQUID_INK,11,15
Pablo,SQUID_INK,12,6
Pablo,SQUID_INK,13,13
Pablo,SQUID_INK,14,13
Pablo,SQUID_INK,15,11
Pablo,SQUID_INK,16,12
Pablo,SQUID_INK,17,16
Pablo,SQUID_INK,18,17
Pablo,SQUID_INK,19,11
Pablo,SQUID_INK,20,9
Pablo,SQUID_INK,21,11
Pablo,SQUID_INK,22,10
Pablo,SQUID_INK,23,15
Pablo,VOLCANIC_ROCK,0,6
Pablo,VOLCANIC_ROCK,1,4
Pablo,VOLCANIC_ROCK,2,8
Pablo,VOLCANIC_ROCK,3,3
Pablo,VOLCANIC_ROCK,4,5
Pablo,VOLCANIC_ROCK,5,5
Pablo,VOLCANIC_ROCK,6,11
Pablo,VOLCANIC_ROCK,7,13
Pablo,VOLCANIC_ROCK,8,8
Pablo,VOLCANIC_ROCK,9,9
Pablo,VOLCANIC_ROCK,10,11
Pablo,VOLCANIC_ROCK,11,12
Pablo,VOLCANIC_ROCK,12,7
Pablo,VOLCANIC_ROCK,13,6
Pablo,VOLCANIC_ROCK,14,7
Pablo,VOLCANIC_ROCK,15,7
Pablo,VOLCANIC_ROCK,16,9
Pablo,VOLCANIC_ROCK,17,6
Pablo,VOLCANIC_ROCK,18,3
Pablo,VOLCANIC_ROCK,19,9
Pablo,VOLCANIC_ROCK,20,8
Pablo,VOLCANIC_ROCK,21,8
Pablo,VOLCANIC_ROCK,22,7
Pablo,VOLCANIC_ROCK,23,6
Pablo,VOLCANIC_ROCK_VOUCHER_10000,4,1
Pablo,VOLCANIC_ROCK_VOUCHER_10000,10,1
Pablo,VOLCANIC_ROCK_VOUCHER_10000,13,1
Pablo,VOLCANIC_ROCK_VOUCHER_10000,17,1
Pablo,VOLCANIC_ROCK_VOUCHER_10000,19,1
Pablo,VOLCANIC_ROCK_VOUCHER_10000,21,1
Pablo,VOLCANIC_ROCK_VOUCHER_10250,0,1
Pablo,VOLCANIC_ROCK_VOUCHER_10250,1,1
Pablo,VOLCANIC_ROCK_VOUCHER_10250,4,1
Pablo,VOLCANIC_ROCK_VOUCHER_10250,10,1
Pablo,VOLCANIC_ROCK_VOUCHER_10250,13,1
Pablo,VOLCANIC_ROCK_VOUCHER_10250,17,1
Pablo,VOLCANIC_ROCK_VOUCHER_10250,19,1
Pablo,VOLCANIC_ROCK_VOUCHER_10250,21,1
Pablo,VOLCANIC_ROCK_VOUCHER_10500,0,1
Pablo,VOLCANIC_ROCK_VOUCHER_10500,1,1
Pablo,VOLCANIC_ROCK_VOUCHER_10500,4,1
Pablo,VOLCANIC_ROCK_VOUCHER_10500,9,1
Pablo,VOLCANIC_ROCK_VOUCHER_10500,10,1
Pablo,VOLCANIC_ROCK_VOUCHER_10500,13,2
Pablo,VOLCANIC_ROCK_VOUCHER_10500,14,1
Pablo,VOLCANIC_ROCK_VOUCHER_10500,17,1
Pablo,VOLCANIC_ROCK_VOUCHER_10500,19,2
Pablo,VOLCANIC_ROCK_VOUCHER_10500,21,1
Pablo,VOLCANIC_ROCK_VOUCHER_10500,23,1
Pablo,VOLCANIC_ROCK_VOUCHER_9500,0,1
Pablo,VOLCANIC_ROCK_VOUCHER_9500,4,1
Pablo,VOLCANIC_ROCK_VOUCHER_9500,10,1
Pablo,VOLCANIC_ROCK_VOUCHER_9500,13,1
Pablo,VOLCANIC_ROCK_VOUCHER_9500,14,1
Pablo,VOLCANIC_ROCK_VOUCHER_9500,17,1
Pablo,VOLCANIC_ROCK_VOUCHER_9500,19,1
Pablo,VOLCANIC_ROCK_VOUCHER_9500,21,1
Pablo,VOLCANIC_ROCK_VOUCHER_9750,0,1
Pablo,VOLCANIC_ROCK_VOUCHER_9750,3,1
Pablo,VOLCANIC_ROCK_VOUCHER_9750,4,1
Pablo,VOLCANIC_ROCK_VOUCHER_9750,6,1
Pablo,VOLCANIC_ROCK_VOUCHER_9750,8,1
Pablo,VOLCANIC_ROCK_VOUCHER_9750,9,1
Pablo,VOLCANIC_ROCK_VOUCHER_9750,10,1
Pablo,VOLCANIC_ROCK_VOUCHER_9750,11,1
Pablo,VOLCANIC_ROCK_VOUCHER_9750,13,2
Pablo,VOLCANIC_ROCK_VOUCHER_9750,14,1
Pablo,VOLCANIC_ROCK_VOUCHER_9750,17,1
Pablo,VOLCANIC_ROCK_VOUCHER_9750,19,1
Pablo,VOLCANIC_ROCK_VOUCHER_9750,21,1
Paris,CROISSANTS,0,44
Paris,CROISSANTS,1,41
Paris,CROISSANTS,2,46
Paris,CROISSANTS,3,46
Paris,CROISSANTS,4,45
Paris,CROISSANTS,5,38
Paris,CROISSANTS,6,42
Paris,CROISSANTS,7,54
Paris,CROISSANTS,8,46
Paris,CROISSANTS,9,45
Paris,CROISSANTS,10,55
Paris,CROISSANTS,11,49
Paris,CROISSANTS,12,49
Paris,CROISSANTS,13,35
Paris,CROISSANTS,14,48
Paris,CROISSANTS,15,50
Paris,CROISSANTS,16,36
Paris,CROISSANTS,17,52
Paris,CROISSANTS,18,47
Paris,CROISSANTS,19,46
Paris,CROISSANTS,20,43
Paris,CROISSANTS,21,50
Paris,CROISSANTS,22,42
Paris,CROISSANTS,23,49
Paris,DJEMBES,0,60
Paris,DJEMBES,1,54
Paris,DJEMBES,2,65
Paris,DJEMBES,3,48
Paris,DJEMBES,4,59
Paris,DJEMBES,5,54
Paris,DJEMBES,6,73
Paris,DJEMBES,7,62
Paris,DJEMBES,8,58
Paris,DJEMBES,9,75
Paris,DJEMBES,10,67
Paris,DJEMBES,11,62
Paris,DJEMBES,12,56
Paris,DJEMBES,13,62
Paris,DJEMBES,14,51
Paris,DJEMBES,15,52
Paris,DJEMBES,16,64
Paris,DJEMBES,17,62
Paris,DJEMBES,18,60
Paris,DJEMBES,19,53
Paris,DJEMBES,20,52
Paris,DJEMBES,21,58
Paris,DJEMBES,22,58
Paris,DJEMBES,23,52
Paris,JAMS,0,59
Paris,JAMS,1,62
Paris,JAMS,2,43
Paris,JAMS,3,56
Paris,JAMS,4,64
Paris,JAMS,5,53
Paris,JAMS,6,51
Paris,JAMS,7,45
Paris,JAMS,8,57
Paris,JAMS,9,59
Paris,JAMS,10,53
Paris,JAMS,11,55
Paris,JAMS,12,44
Paris,JAMS,13,51
Paris,JAMS,14,51
Paris,JAMS,15,53
Paris,JAMS,16,38
Paris,JAMS,17,51
Paris,JAMS,18,47
Paris,JAMS,19,56
Paris,JAMS,20,56
Paris,JAMS,21,45
Paris,JAMS,22,45
Paris,JAMS,23,48
Paris,KELP,0,109
Paris,KELP,1,110
Paris,KELP,2,94
Paris,KELP,3,99
Paris,KELP,4,99
Paris,KELP,5,110
Paris,KELP,6,104
Paris,KELP,7,109
Paris,KELP,8,104
Paris,KELP,9,114
Paris,KELP,10,105
Paris,KELP,11,104
Paris,KELP,12,94
Paris,KELP,13,107
Paris,KELP,14,94
Paris,KELP,15,85
Paris,KELP,16,113
Paris,KELP,17,109
Paris,KELP,18,109
Paris,KELP,19,112
Paris,KELP,20,104
Paris,KELP,21,116
Paris,KELP,22,94
Paris,KELP,23,105
Paris,MAGNIFICENT_MACARONS,0,21
Paris,MAGNIFICENT_MACARONS,1,16
Paris,MAGNIFICENT_MACARONS,2,20
Paris,MAGNIFICENT_MACARONS,3,14
Paris,MAGNIFICENT_MACARONS,4,26
Paris,MAGNIFICENT_MACARONS,5,16
Paris,MAGNIFICENT_MACARONS,6,12
Paris,MAGNIFICENT_MACARONS,7,23
Paris,MAGNIFICENT_MACARONS,8,17
Paris,MAGNIFICENT_MACARONS,9,17
Paris,MAGNIFICENT_MACARONS,10,19
Paris,MAGNIFICENT_MACARONS,11,16
Paris,MAGNIFICENT_MACARONS,12,17
Paris,MAGNIFICENT_MACARONS,13,11
Paris,MAGNIFICENT_MACARONS,14,12
Paris,MAGNIFICENT_MACARONS,15,12
Paris,MAGNIFICENT_MACARONS,16,16
Paris,MAGNIFICENT_MACARONS,17,14
Paris,MAGNIFICENT_MACARONS,18,12
Paris,MAGNIFICENT_MACARONS,19,13
Paris,MAGNIFICENT_MACARONS,20,16
Paris,MAGNIFICENT_MACARONS,21,17
Paris,MAGNIFICENT_MACARONS,22,18
Paris,MAGNIFICENT_MACARONS,23,13
Paris,RAINFOREST_RESIN,0,70
Paris,RAINFOREST_RESIN,1,71
Paris,RAINFOREST_RESIN,2,62
Paris,RAINFOREST_RESIN,3,65
Paris,RAINFOREST_RESIN,4,50
Paris,RAINFOREST_RESIN,5,58
Paris,RAINFOREST_RESIN,6,74
Paris,RAINFOREST_RESIN,7,50
Paris,RAINFOREST_RESIN,8,55
Paris,RAINFOREST_RESIN,9,66
Paris,RAINFOREST_RESIN,10,60
Paris,RAINFOREST_RESIN,11,57
Paris,RAINFOREST_RESIN,12,56
Paris,RAINFOREST_RESIN,13,35
Paris,RAINFOREST_RESIN,14,62
Paris,RAINFOREST_RESIN,15,50
Paris,RAINFOREST_RESIN,16,58
Paris,RAINFOREST_RESIN,17,52
Paris,RAINFOREST_RESIN,18,64
Paris,RAINFOREST_RESIN,19,49
Paris,RAINFOREST_RESIN,20,55
Paris,RAINFOREST_RESIN,21,83
Paris,RAINFOREST_RESIN,22,56
Paris,RAINFOREST_RESIN,23,52
Paris,SQUID_INK,0,109
Paris,SQUID_INK,1,104
Paris,SQUID_INK,2,95
Paris,SQUID_INK,3,101
Paris,SQUID_INK,4,101
Paris,SQUID_INK,5,108
Paris,SQUID_INK,6,102
Paris,SQUID_INK,7,101
Paris,SQUID_INK,8,100
Paris,SQUID_INK,9,107
Paris,SQUID_INK,10,105
Paris,SQUID_INK,11,100
Paris,SQUID_INK,12,88
Paris,SQUID_INK,13,103
Paris,SQUID_INK,14,91
Paris,SQUID_INK,15,80
Paris,SQUID_INK,16,115
Paris,SQUID_INK,17,109
Paris,SQUID_INK,18,105
Paris,SQUID_INK,19,116
Paris,SQUID_INK,20,99
Paris,SQUID_INK,21,111
Paris,SQUID_INK,22,93
Paris,SQUID_INK,23,111
Penelope,KELP,0,17
Penelope,KELP,1,17
Penelope,KELP,2,15
Penelope,KELP,3,12
Penelope,KELP,4,18
Penelope,KELP,5,19
Penelope,KELP,6,27
Penelope,KELP,7,14
Penelope,KELP,8,24
Penelope,KELP,9,18
Penelope,KELP,10,30
Penelope,KELP,11,18
Penelope,KELP,12,12
Penelope,KELP,13,18
Penelope,KELP,14,24
Penelope,KELP,15,21
Penelope,KELP,16,21
Penelope,KELP,17,26
Penelope,KELP,18,18
Penelope,KELP,19,19
Penelope,KELP,20,15
Penelope,KELP,21,29
Penelope,KELP,22,23
Penelope,KELP,23,17
Penelope,PICNIC_BASKET1,0,10
Penelope,PICNIC_BASKET1,1,19
Penelope,PICNIC_BASKET1,2,12
Penelope,PICNIC_BASKET1,3,25
Penelope,PICNIC_BASKET1,4,15
Penelope,PICNIC_BASKET1,5,29
Penelope,PICNIC_BASKET1,6,11
Penelope,PICNIC_BASKET1,7,11
Penelope,PICNIC_BASKET1,8,18
Penelope,PICNIC_BASKET1,9,18
Penelope,PICNIC_BASKET1,10,11
Penelope,PICNIC_BASKET1,11,12
Penelope,PICNIC_BASKET1,12,20
Penelope,PICNIC_BASKET1,13,19
Penelope,PICNIC_BASKET1,14,16
Penelope,PICNIC_BASKET1,15,15
Penelope,PICNIC_BASKET1,16,10
Penelope,PICNIC_BASKET1,17,16
Penelope,PICNIC_BASKET1,18,17
Penelope,PICNIC_BASKET1,19,23
Penelope,PICNIC_BASKET1,20,19
Penelope,PICNIC_BASKET1,21,17
Penelope,PICNIC_BASKET1,22,8
Penelope,PICNIC_BASKET1,23,13
Penelope,PICNIC_BASKET2,0,10
Penelope,PICNIC_BASKET2,1,19
Penelope,PICNIC_BASKET2,2,12
Penelope,PICNIC_BASKET2,3,25
Penelope,PICNIC_BASKET2,4,15
Penelope,PICNIC_BASKET2,5,29
Penelope,PICNIC_BASKET2,6,11
Penelope,PICNIC_BASKET2,7,11
Penelope,PICNIC_BASKET2,8,18
Penelope,PICNIC_BASKET2,9,18
Penelope,PICNIC_BASKET2,10,11
Penelope,PICNIC_BASKET2,11,12
Penelope,PICNIC_BASKET2,12,20
Penelope,PICNIC_BASKET2,13,19
Penelope,PICNIC_BASKET2,14,16
Penelope,PICNIC_BASKET2,15,15
Penelope,PICNIC_BASKET2,16,10
Penelope,PICNIC_BASKET2,17,16
Penelope,PICNIC_BASKET2,18,17
Penelope,PICNIC_BASKET2,19,23
Penelope,PICNIC_BASKET2,20,19
Penelope,PICNIC_BASKET2,21,17
Penelope,PICNIC_BASKET2,22,8
Penelope,PICNIC_BASKET2,23,13
Penelope,RAINFOREST_RESIN,0,21
Penelope,RAINFOREST_RESIN,1,29
Penelope,RAINFOREST_RESIN,2,27
Penelope,RAINFOREST_RESIN,3,20
Penelope,RAINFOREST_RESIN,4,15
Penelope,RAINFOREST_RESIN,5,24
Penelope,RAINFOREST_RESIN,6,20
Penelope,RAINFOREST_RESIN,7,17
Penelope,RAINFOREST_RESIN,8,20
Penelope,RAINFOREST_RESIN,9,28
Penelope,RAINFOREST_RESIN,10,19
Penelope,RAINFOREST_RESIN,11,26
Penelope,RAINFOREST_RESIN,12,24
Penelope,RAINFOREST_RESIN,13,21
Penelope,RAINFOREST_RESIN,14,25
Penelope,RAINFOREST_RESIN,15,18
Penelope,RAINFOREST_RESIN,16,17
Penelope,RAINFOREST_RESIN,17,13
Penelope,RAINFOREST_RESIN,18,16
Penelope,RAINFOREST_RESIN,19,21
Penelope,RAINFOREST_RESIN,20,29
Penelope,RAINFOREST_RESIN,21,22
Penelope,RAINFOREST_RESIN,22,23
Penelope,RAINFOREST_RESIN,23,25
Penelope,SQUID_INK,0,17
Penelope,SQUID_INK,1,17
Penelope,SQUID_INK,2,15
Penelope,SQUID_INK,3,13
Penelope,SQUID_INK,4,16
Penelope,SQUID_INK,5,20
Penelope,SQUID_INK,6,24
Penelope,SQUID_INK,7,13
Penelope,SQUID_INK,8,21
Penelope,SQUID_INK,9,19
Penelope,SQUID_INK,10,29
Penelope,SQUID_INK,11,17
Penelope,SQUID_INK,12,12
Penelope,SQUID_INK,13,16
Penelope,SQUID_INK,14,23
Penelope,SQUID_INK,15,21
Penelope,SQUID_INK,16,21
Penelope,SQUID_INK,17,25
Penelope,SQUID_INK,18,20
Penelope,SQUID_INK,19,17
Penelope,SQUID_INK,20,13
Penelope,SQUID_INK,21,28
Penelope,SQUID_INK,22,23
Penelope,SQUID_INK,23,17
Penelope,VOLCANIC_ROCK_VOUCHER_10000,0,26
Penelope,VOLCANIC_ROCK_VOUCHER_10000,1,8
Penelope,VOLCANIC_ROCK_VOUCHER_10000,2,13
Penelope,VOLCANIC_ROCK_VOUCHER_10000,3,8
Penelope,VOLCANIC_ROCK_VOUCHER_10000,4,22
Penelope,VOLCANIC_ROCK_VOUCHER_10000,5,18
Penelope,VOLCANIC_ROCK_VOUCHER_10000,6,11
Penelope,VOLCANIC_ROCK_VOUCHER_10000,7,17
Penelope,VOLCANIC_ROCK_VOUCHER_10000,8,17
Penelope,VOLCANIC_ROCK_VOUCHER_10000,9,21
Penelope,VOLCANIC_ROCK_VOUCHER_10000,10,13
Penelope,VOLCANIC_ROCK_VOUCHER_10000,11,22
Penelope,VOLCANIC_ROCK_VOUCHER_10000,12,11
Penelope,VOLCANIC_ROCK_VOUCHER_10000,13,16
Penelope,VOLCANIC_ROCK_VOUCHER_10000,14,14
Penelope,VOLCANIC_ROCK_VOUCHER_10000,15,15
Penelope,VOLCANIC_ROCK_VOUCHER_10000,16,9
Penelope,VOLCANIC_ROCK_VOUCHER_10000,17,13
Penelope,VOLCANIC_ROCK_VOUCHER_10000,18,9
Penelope,VOLCANIC_ROCK_VOUCHER_10000,19,17
Penelope,VOLCANIC_ROCK_VOUCHER_10000,20,17
Penelope,VOLCANIC_ROCK_VOUCHER_10000,21,7
Penelope,VOLCANIC_ROCK_VOUCHER_10000,22,12
Penelope,VOLCANIC_ROCK_VOUCHER_10000,23,9
Penelope,VOLCANIC_ROCK_VOUCHER_10250,0,15
Penelope,VOLCANIC_ROCK_VOUCHER_10250,1,2
Penelope,VOLCANIC_ROCK_VOUCHER_10250,2,10
Penelope,VOLCANIC_ROCK_VOUCHER_10250,4,8
Penelope,VOLCANIC_ROCK_VOUCHER_10250,5,9
Penelope,VOLCANIC_ROCK_VOUCHER_10250,6,5
Penelope,VOLCANIC_ROCK_VOUCHER_10250,7,4
Penelope,VOLCANIC_ROCK_VOUCHER_10250,8,8
Penelope,VOLCANIC_ROCK_VOUCHER_10250,9,6
Penelope,VOLCANIC_ROCK_VOUCHER_10250,10,5
Penelope,VOLCANIC_ROCK_VOUCHER_10250,11,6
Penelope,VOLCANIC_ROCK_VOUCHER_10250,12,6
Penelope,VOLCANIC_ROCK_VOUCHER_10250,13,8
Penelope,VOLCANIC_ROCK_VOUCHER_10250,14,6
Penelope,VOLCANIC_ROCK_VOUCHER_10250,15,5
Penelope,VOLCANIC_ROCK_VOUCHER_10250,16,2
Penelope,VOLCANIC_ROCK_VOUCHER_10250,17,1
Penelope,VOLCANIC_ROCK_VOUCHER_10250,18,1
Penelope,VOLCANIC_ROCK_VOUCHER_10250,19,4
Penelope,VOLCANIC_ROCK_VOUCHER_10250,20,5
Penelope,VOLCANIC_ROCK_VOUCHER_10250,21,4
Penelope,VOLCANIC_ROCK_VOUCHER_10250,22,1
Penelope,VOLCANIC_ROCK_VOUCHER_10250,23,3
Penelope,VOLCANIC_ROCK_VOUCHER_10500,2,2
Penelope,VOLCANIC_ROCK_VOUCHER_10500,5,1
Penelope,VOLCANIC_ROCK_VOUCHER_10500,6,1
Penelope,VOLCANIC_ROCK_VOUCHER_10500,7,3
Penelope,VOLCANIC_ROCK_VOUCHER_10500,8,1
Penelope,VOLCANIC_ROCK_VOUCHER_10500,9,2
Penelope,VOLCANIC_ROCK_VOUCHER_10500,10,1
Penelope,VOLCANIC_ROCK_VOUCHER_10500,11,3
Penelope,VOLCANIC_ROCK_VOUCHER_10500,13,2
Penelope,VOLCANIC_ROCK_VOUCHER_10500,14,3
Penelope,VOLCANIC_ROCK_VOUCHER_10500,15,2
Penelope,VOLCANIC_ROCK_VOUCHER_10500,17,1
Penelope,VOLCANIC_ROCK_VOUCHER_10500,19,3
Penelope,VOLCANIC_ROCK_VOUCHER_10500,23,1
Penelope,VOLCANIC_ROCK_VOUCHER_9500,0,32
Penelope,VOLCANIC_ROCK_VOUCHER_9500,1,15
Penelope,VOLCANIC_ROCK_VOUCHER_9500,2,19
Penelope,VOLCANIC_ROCK_VOUCHER_9500,3,11
Penelope,VOLCANIC_ROCK_VOUCHER_9500,4,25
Penelope,VOLCANIC_ROCK_VOUCHER_9500,5,23
Penelope,VOLCANIC_ROCK_VOUCHER_9500,6,23
Penelope,VOLCANIC_ROCK_VOUCHER_9500,7,21
Penelope,VOLCANIC_ROCK_VOUCHER_9500,8,24
Penelope,VOLCANIC_ROCK_VOUCHER_9500,9,27
Penelope,VOLCANIC_ROCK_VOUCHER_9500,10,19
Penelope,VOLCANIC_ROCK_VOUCHER_9500,11,28
Penelope,VOLCANIC_ROCK_VOUCHER_9500,12,16
Penelope,VOLCANIC_ROCK_VOUCHER_9500,13,22
Penelope,VOLCANIC_ROCK_VOUCHER_9500,14,19
Penelope,VOLCANIC_ROCK_VOUCHER_9500,15,23
Penelope,VOLCANIC_ROCK_VOUCHER_9500,16,17
Penelope,VOLCANIC_ROCK_VOUCHER_9500,17,18
Penelope,VOLCANIC_ROCK_VOUCHER_9500,18,15
Penelope,VOLCANIC_ROCK_VOUCHER_9500,19,21
Penelope,VOLCANIC_ROCK_VOUCHER_9500,20,19
Penelope,VOLCANIC_ROCK_VOUCHER_9500,21,9
Penelope,VOLCANIC_ROCK_VOUCHER_9500,22,18
Penelope,VOLCANIC_ROCK_VOUCHER_9500,23,13
Penelope,VOLCANIC_ROCK_VOUCHER_9750,0,32
Penelope,VOLCANIC_ROCK_VOUCHER_9750,1,15
Penelope,VOLCANIC_ROCK_VOUCHER_9750,2,19
Penelope,VOLCANIC_ROCK_VOUCHER_9750,3,11
Penelope,VOLCANIC_ROCK_VOUCHER_9750,4,25
Penelope,VOLCANIC_ROCK_VOUCHER_9750,5,23
Penelope,VOLCANIC_ROCK_VOUCHER_9750,6,23
Penelope,VOLCANIC_ROCK_VOUCHER_9750,7,21
Penelope,VOLCANIC_ROCK_VOUCHER_9750,8,24
Penelope,VOLCANIC_ROCK_VOUCHER_9750,9,27
Penelope,VOLCANIC_ROCK_VOUCHER_9750,10,19
Penelope,VOLCANIC_ROCK_VOUCHER_9750,11,28
Penelope,VOLCANIC_ROCK_VOUCHER_9750,12,16
Penelope,VOLCANIC_ROCK_VOUCHER_9750,13,22
Penelope,VOLCANIC_ROCK_VOUCHER_9750,14,19
Penelope,VOLCANIC_ROCK_VOUCHER_9750,15,23
Penelope,VOLCANIC_ROCK_VOUCHER_9750,16,17
Penelope,VOLCANIC_ROCK_VOUCHER_9750,17,18
Penelope,VOLCANIC_ROCK_VOUCHER_9750,18,15
Penelope,VOLCANIC_ROCK_VOUCHER_9750,19,22
Penelope,VOLCANIC_ROCK_VOUCHER_9750,20,19
Penelope,VOLCANIC_ROCK_VOUCHER_9750,21,8
Penelope,VOLCANIC_ROCK_VOUCHER_9750,22,18
Penelope,VOLCANIC_ROCK_VOUCHER_9750,23,13
Peter,VOLCANIC_ROCK,0,8
Peter,VOLCANIC_ROCK,1,12
Peter,VOLCANIC_ROCK,2,11
Peter,VOLCANIC_ROCK,3,8
Peter,VOLCANIC_ROCK,4,8
Peter,VOLCANIC_ROCK,5,8
Peter,VOLCANIC_ROCK,6,13
Peter,VOLCANIC_ROCK,7,6
Peter,VOLCANIC_ROCK,8,8
Peter,VOLCANIC_ROCK,9,7
Peter,VOLCANIC_ROCK,10,4
Peter,VOLCANIC_ROCK,11,10
Peter,VOLCANIC_ROCK,12,4
Peter,VOLCANIC_ROCK,13,10
Peter,VOLCANIC_ROCK,14,9
Peter,VOLCANIC_ROCK,15,9
Peter,VOLCANIC_ROCK,16,9
Peter,VOLCANIC_ROCK,17,7
Peter,VOLCANIC_ROCK,18,7
Peter,VOLCANIC_ROCK,19,4
Peter,VOLCANIC_ROCK,20,7
Peter,VOLCANIC_ROCK,21,5
Peter,VOLCANIC_ROCK,22,7
Peter,VOLCANIC_ROCK,23,10
